language,trait,value
ada83,wikipedia,structured
ada83,wikipedia,statically
ada83,wikipedia,typed
ada83,wikipedia,imperative
ada83,wikipedia,object-oriented
ada83,wikipedia,high-level
ada83,keyword,abort
ada83,keyword,abs
ada83,keyword,accept
ada83,keyword,access
ada83,keyword,all
ada83,keyword,and
ada83,keyword,array
ada83,keyword,at
ada83,keyword,begin
ada83,keyword,body
ada83,keyword,case
ada83,keyword,constant
ada83,keyword,declare
ada83,keyword,delay
ada83,keyword,delta
ada83,keyword,digits
ada83,keyword,do
ada83,keyword,else
ada83,keyword,elsif
ada83,keyword,end
ada83,keyword,entry
ada83,keyword,exception
ada83,keyword,exit
ada83,keyword,for
ada83,keyword,function
ada83,keyword,generic
ada83,keyword,goto
ada83,keyword,if
ada83,keyword,in
ada83,keyword,is
ada83,keyword,limited
ada83,keyword,loop
ada83,keyword,mod
ada83,keyword,new
ada83,keyword,not
ada83,keyword,null
ada83,keyword,of
ada83,keyword,or
ada83,keyword,others
ada83,keyword,out
ada83,keyword,package
ada83,keyword,pragma
ada83,keyword,private
ada83,keyword,procedure
ada83,keyword,raise
ada83,keyword,range
ada83,keyword,record
ada83,keyword,rem
ada83,keyword,renames
ada83,keyword,return
ada83,keyword,reverse
ada83,keyword,select
ada83,keyword,separate
ada83,keyword,subtype
ada83,keyword,task
ada83,keyword,terminate
ada83,keyword,then
ada83,keyword,type
ada83,keyword,use
ada83,keyword,when
ada83,keyword,while
ada83,keyword,with
ada83,keyword,xor
ada83,binary-operator,**
ada83,binary-precedence,6
ada83,binary-operator,*
ada83,binary-precedence,5
ada83,binary-operator,/
ada83,binary-precedence,5
ada83,binary-operator,mod
ada83,binary-precedence,5
ada83,binary-operator,rem
ada83,binary-precedence,5
ada83,binary-operator,+
ada83,binary-precedence,3
ada83,binary-operator,-
ada83,binary-precedence,3
ada83,binary-operator,&
ada83,binary-precedence,3
ada83,binary-operator,=
ada83,binary-precedence,2
ada83,binary-operator,/=
ada83,binary-precedence,2
ada83,binary-operator,<
ada83,binary-precedence,2
ada83,binary-operator,<=
ada83,binary-precedence,2
ada83,binary-operator,>
ada83,binary-precedence,2
ada83,binary-operator,>=
ada83,binary-precedence,2
ada83,binary-operator,and
ada83,binary-precedence,1
ada83,binary-operator,or
ada83,binary-precedence,1
ada83,binary-operator,xor
ada83,binary-precedence,1
ada83,unary-operator,abs
ada83,unary-precedence,6
ada83,unary-operator,not
ada83,unary-precedence,6
ada83,unary-operator,+
ada83,unary-precedence,4
ada83,unary-operator,-
ada83,unary-precedence,4
ada83,function-definition,arguments-type-checked
ada83,function-definition,pass-by-value
ada83,function-definition,pass-by-reference
ada83,function-definition,pass-by-out
algol68,wikipedia,imperative
algol68,keyword,mode
algol68,keyword,op
algol68,keyword,prio
algol68,keyword,proc
algol68,keyword,flex
algol68,keyword,heap
algol68,keyword,loc
algol68,keyword,long
algol68,keyword,ref
algol68,keyword,short
algol68,keyword,bits
algol68,keyword,bool
algol68,keyword,bytes
algol68,keyword,char
algol68,keyword,compl
algol68,keyword,int
algol68,keyword,real
algol68,keyword,sema
algol68,keyword,string
algol68,keyword,void
algol68,keyword,channel
algol68,keyword,file
algol68,keyword,format
algol68,keyword,struct
algol68,keyword,union
algol68,keyword,at
algol68,keyword,either
algol68,keyword,is
algol68,keyword,isnt
algol68,keyword,of
algol68,keyword,true
algol68,keyword,false
algol68,keyword,empty
algol68,keyword,nil
algol68,keyword,skip
algol68,keyword,co
algol68,comment,pr
algol68,comment,pragmat
algol68,comment,case
algol68,comment,in
algol68,comment,ouse
algol68,comment,in
algol68,comment,out
algol68,comment,esac
algol68,comment,for
algol68,comment,from
algol68,comment,to
algol68,comment,by
algol68,comment,while
algol68,comment,do
algol68,comment,od
algol68,comment,if
algol68,comment,then
algol68,comment,elif
algol68,comment,then
algol68,comment,else
algol68,comment,fi
algol68,comment,par
algol68,comment,begin
algol68,comment,end
algol68,comment,goto
algol68,comment,exit
algol68,binary-operator,+*
algol68,binary-precedence,9
algol68,binary-operator,i
algol68,binary-precedence,9
algol68,binary-operator,SHL
algol68,binary-precedence,8
algol68,binary-operator,SHR
algol68,binary-precedence,8
algol68,binary-operator,**
algol68,binary-precedence,8
algol68,binary-operator,up
algol68,binary-precedence,8
algol68,binary-operator,down
algol68,binary-precedence,8
algol68,binary-operator,lwb
algol68,binary-precedence,8
algol68,binary-operator,upb
algol68,binary-precedence,8
algol68,binary-operator,*
algol68,binary-precedence,7
algol68,binary-operator,/
algol68,binary-precedence,7
algol68,binary-operator,%
algol68,binary-precedence,7
algol68,binary-operator,over
algol68,binary-precedence,7
algol68,binary-operator,%*
algol68,binary-precedence,7
algol68,binary-operator,mod
algol68,binary-precedence,7
algol68,binary-operator,elem
algol68,binary-precedence,7
algol68,binary-operator,-
algol68,binary-precedence,6
algol68,binary-operator,+
algol68,binary-precedence,6
algol68,binary-operator,<
algol68,binary-precedence,5
algol68,binary-operator,lt
algol68,binary-precedence,5
algol68,binary-operator,<=
algol68,binary-precedence,5
algol68,binary-operator,le
algol68,binary-precedence,5
algol68,binary-operator,>=
algol68,binary-precedence,5
algol68,binary-operator,ge
algol68,binary-precedence,5
algol68,binary-operator,>
algol68,binary-precedence,5
algol68,binary-operator,gt
algol68,binary-precedence,5
algol68,binary-operator,eq
algol68,binary-precedence,4
algol68,binary-operator,=
algol68,binary-precedence,4
algol68,binary-operator,ne
algol68,binary-precedence,4
algol68,binary-operator,~=
algol68,binary-precedence,4
algol68,binary-operator,/=
algol68,binary-precedence,4
algol68,binary-operator,&
algol68,binary-precedence,3
algol68,binary-operator,and
algol68,binary-precedence,3
algol68,binary-operator,or
algol68,binary-precedence,2
algol68,binary-operator,minusab
algol68,binary-precedence,1
algol68,binary-operator,plusab
algol68,binary-precedence,1
algol68,binary-operator,timesab
algol68,binary-precedence,1
algol68,binary-operator,divab
algol68,binary-precedence,1
algol68,binary-operator,overab
algol68,binary-precedence,1
algol68,binary-operator,modab
algol68,binary-precedence,1
algol68,binary-operator,plusto
algol68,binary-precedence,1
algol68,binary-operator,-:=
algol68,binary-precedence,1
algol68,binary-operator,+:=
algol68,binary-precedence,1
algol68,binary-operator,*:=
algol68,binary-precedence,1
algol68,binary-operator,/:=
algol68,binary-precedence,1
algol68,binary-operator,%:=
algol68,binary-precedence,1
algol68,binary-operator,%*:=
algol68,binary-precedence,1
algol68,binary-operator,+=:
algol68,binary-precedence,1
algol68,unary-operator,not
algol68,unary-precedence,10
algol68,unary-operator,~
algol68,unary-precedence,10
algol68,unary-operator,up
algol68,unary-precedence,10
algol68,unary-operator,down
algol68,unary-precedence,10
algol68,unary-operator,lwb
algol68,unary-precedence,10
algol68,unary-operator,upb
algol68,unary-precedence,10
algol68,unary-operator,-
algol68,unary-precedence,10
algol68,unary-operator,abs
algol68,unary-precedence,10
algol68,unary-operator,arg
algol68,unary-precedence,10
algol68,unary-operator,bin
algol68,unary-precedence,10
algol68,unary-operator,entier
algol68,unary-precedence,10
algol68,unary-operator,leng
algol68,unary-precedence,10
algol68,unary-operator,level
algol68,unary-precedence,10
algol68,unary-operator,odd
algol68,unary-precedence,10
algol68,unary-operator,repr
algol68,unary-precedence,10
algol68,unary-operator,round
algol68,unary-precedence,10
algol68,unary-operator,shorten
algol68,unary-precedence,10
algol68,function-definition,arguments-type-checked
algol68,function-definition,pass-by-value
algol68,function-definition,pass-by-reference
c90,wikipedia,general-purpose
c90,wikipedia,weight
c90,keyword,auto
c90,keyword,break
c90,keyword,case
c90,keyword,char
c90,keyword,const
c90,keyword,continue
c90,keyword,default
c90,keyword,do
c90,keyword,double
c90,keyword,else
c90,keyword,enum
c90,keyword,extern
c90,keyword,float
c90,keyword,for
c90,keyword,goto
c90,keyword,if
c90,keyword,int
c90,keyword,long
c90,keyword,register
c90,keyword,return
c90,keyword,short
c90,keyword,signed
c90,keyword,sizeof
c90,keyword,static
c90,keyword,struct
c90,keyword,switch
c90,keyword,typedef
c90,keyword,union
c90,keyword,unsigned
c90,keyword,void
c90,keyword,volatile
c90,keyword,while
c90,comment,to-end-of-line
c90,comment,start
c90,comment,end
c90,white-space,significant
c90,white-space,free-form
c90,white-space,line-continuation
c90,white-space,backslash
c90,identifier,case-significant
c90,identifier,characters-significant
c90,literal,integer-decimal
c90,literal,integer-hexadecimal
c90,literal,integer-octal
c90,literal,integer-character
c90,literal,floating-point
c90,literal,string
c90,control-flow,{
c90,control-flow,}
c90,control-flow,switch
c90,control-flow,goto
c90,control-flow,break
c90,control-flow,continue
c90,control-flow,if
c90,control-flow,else
c90,control-flow,for
c90,control-flow,while
c90,control-flow,do
c90,expression,infix
c90,expression,left-associative
c90,ternary-operator,?:
c90,ternary-precedence,2
c90,binary-operator,[]
c90,binary-precedence,16
c90,binary-operator,.
c90,binary-precedence,16
c90,binary-operator,->
c90,binary-precedence,16
c90,binary-operator,*
c90,binary-precedence,13
c90,binary-operator,/
c90,binary-precedence,13
c90,binary-operator,%
c90,binary-precedence,13
c90,binary-operator,+
c90,binary-precedence,12
c90,binary-operator,-
c90,binary-precedence,12
c90,binary-operator,<<
c90,binary-precedence,11
c90,binary-operator,>>
c90,binary-precedence,11
c90,binary-operator,<
c90,binary-precedence,9
c90,binary-operator,<=
c90,binary-precedence,9
c90,binary-operator,>
c90,binary-precedence,9
c90,binary-operator,>=
c90,binary-precedence,9
c90,binary-operator,==
c90,binary-precedence,8
c90,binary-operator,!=
c90,binary-precedence,8
c90,binary-operator,&
c90,binary-precedence,7
c90,binary-operator,^
c90,binary-precedence,6
c90,binary-operator,|
c90,binary-precedence,5
c90,binary-operator,&&
c90,binary-precedence,4
c90,binary-operator,||
c90,binary-precedence,3
c90,binary-operator,+=
c90,binary-precedence,2
c90,binary-operator,-=
c90,binary-precedence,2
c90,binary-operator,*=
c90,binary-precedence,2
c90,binary-operator,/=
c90,binary-precedence,2
c90,binary-operator,%=
c90,binary-precedence,2
c90,binary-operator,<<=
c90,binary-precedence,2
c90,binary-operator,>>=
c90,binary-precedence,2
c90,binary-operator,&=
c90,binary-precedence,2
c90,binary-operator,^=
c90,binary-precedence,2
c90,binary-operator,|=
c90,binary-precedence,2
c90,binary-operator,","
c90,binary-precedence,1
c90,unary-operator,++
c90,unary-precedence,15
c90,unary-operator,--
c90,unary-precedence,15
c90,unary-operator,+
c90,unary-precedence,15
c90,unary-operator,-
c90,unary-precedence,15
c90,unary-operator,!
c90,unary-precedence,15
c90,unary-operator,~
c90,unary-precedence,15
c90,unary-operator,*
c90,unary-precedence,15
c90,unary-operator,&
c90,unary-precedence,15
c90,unary-operator,sizeof
c90,unary-precedence,15
c90,unary-operator,_Alignof
c90,unary-precedence,15
c90,declaration,struct
c90,declaration,union
c90,declaration,int
c90,declaration,float
c90,declaration,enum
c90,declaration,*
c90,statement,semicolon
c90,statement,file-import
c90,statement,#include
c90,function-definition,arguments-not-checked
c90,function-definition,arguments-type-checked
c90,function-definition,variadic-arguments
c90,function-definition,pass-by-value
cobol68,wikipedia,compiled
cobol68,wikipedia,English-like
cobol68,keyword,ACCEPT
cobol68,keyword,ACCESS
cobol68,keyword,ACTUAL
cobol68,keyword,ADD
cobol68,keyword,ADDRESS
cobol68,keyword,ADVANCING
cobol68,keyword,AFTER
cobol68,keyword,ALL
cobol68,keyword,ALPHABETIC
cobol68,keyword,ALTER
cobol68,keyword,ALTERNATE
cobol68,keyword,AND
cobol68,keyword,ARE
cobol68,keyword,AREA
cobol68,keyword,AREAS
cobol68,keyword,ASCENDING
cobol68,keyword,ASSIGN
cobol68,keyword,AT
cobol68,keyword,AUTHOR
cobol68,keyword,BEFORE
cobol68,keyword,BEGINNING
cobol68,keyword,BLANK
cobol68,keyword,BLOCK
cobol68,keyword,BY
cobol68,keyword,CF
cobol68,keyword,CH
cobol68,keyword,CHARACTERS
cobol68,keyword,CLOCK-UNITS
cobol68,keyword,CLOSE
cobol68,keyword,COBOL
cobol68,keyword,CODE
cobol68,keyword,COLUMN
cobol68,keyword,COMMA
cobol68,keyword,COMP
cobol68,keyword,COMPUTATIONAL
cobol68,keyword,COMPUTE
cobol68,keyword,CONFIGURATION
cobol68,keyword,CONTAINS
cobol68,keyword,CONTROL
cobol68,keyword,CONTROLS
cobol68,keyword,COPY
cobol68,keyword,CORR
cobol68,keyword,CORRSPONDING
cobol68,keyword,CURRENCY
cobol68,keyword,DATA
cobol68,keyword,DATE-WRITTEN
cobol68,keyword,DE
cobol68,keyword,DECIMAL-POINT
cobol68,keyword,DECLARATIVES
cobol68,keyword,DEPENDING
cobol68,keyword,DESCENDING
cobol68,keyword,DETAIL
cobol68,keyword,DISPLAY
cobol68,keyword,DIVIDE
cobol68,keyword,DIVISION
cobol68,keyword,DOWN
cobol68,keyword,ELSE
cobol68,keyword,END
cobol68,keyword,ENDING
cobol68,keyword,ENTER
cobol68,keyword,ENVIRONMENT
cobol68,keyword,EQUAL
cobol68,keyword,ERROR
cobol68,keyword,EVERY
cobol68,keyword,EXAMINE
cobol68,keyword,EXIT
cobol68,keyword,FD
cobol68,keyword,FILE
cobol68,keyword,FILE-CONTROL
cobol68,keyword,FILE-LIMIT
cobol68,keyword,FILE-LIMITS
cobol68,keyword,FILLER
cobol68,keyword,FINAL
cobol68,keyword,FIRST
cobol68,keyword,FOOTING
cobol68,keyword,FOR
cobol68,keyword,FREED
cobol68,keyword,FROM
cobol68,keyword,GENERATE
cobol68,keyword,GIVING
cobol68,keyword,GO
cobol68,keyword,GREATER
cobol68,keyword,GROUP
cobol68,keyword,HEADING
cobol68,keyword,HIGH-VALUE
cobol68,keyword,HIGH-VALUES
cobol68,keyword,I-O
cobol68,keyword,I-OCONTROL
cobol68,keyword,IDENTIFICATION
cobol68,keyword,IF
cobol68,keyword,IN
cobol68,keyword,INDEX
cobol68,keyword,INDEXED
cobol68,keyword,INDICATE
cobol68,keyword,INITIATE
cobol68,keyword,INPUT
cobol68,keyword,INPUT-OUTPUT
cobol68,keyword,INSTALLATION
cobol68,keyword,INTO
cobol68,keyword,INVALID
cobol68,keyword,IS
cobol68,keyword,JUST
cobol68,keyword,JUSTIFIED
cobol68,keyword,KEY
cobol68,keyword,KEYS
cobol68,keyword,LABEL
cobol68,keyword,LAST
cobol68,keyword,LEADING
cobol68,keyword,LEFT
cobol68,keyword,LENGTH
cobol68,keyword,LESS
cobol68,keyword,LIMIT
cobol68,keyword,LIMITS
cobol68,keyword,LINE
cobol68,keyword,LINE-COUNTER
cobol68,keyword,LINES
cobol68,keyword,LOCK
cobol68,keyword,LOW-VALUE
cobol68,keyword,LOW-VALUES
cobol68,keyword,MEMORY
cobol68,keyword,MODE
cobol68,keyword,MODULES
cobol68,keyword,MOVE
cobol68,keyword,MULTIPLE
cobol68,keyword,MULTIPLY
cobol68,keyword,NEGATIVE
cobol68,keyword,NEXT
cobol68,keyword,NO
cobol68,keyword,NOT
cobol68,keyword,NOTE
cobol68,keyword,NUMBER
cobol68,keyword,NUMERIC
cobol68,keyword,OBJECT-COMPUTER
cobol68,keyword,OCCURS
cobol68,keyword,OF
cobol68,keyword,OFF
cobol68,keyword,OMITTED
cobol68,keyword,ON
cobol68,keyword,OPEN
cobol68,keyword,OPTIONAL
cobol68,keyword,OR
cobol68,keyword,OTHERS
cobol68,keyword,OUTPUT
cobol68,keyword,PAGE-COUNTER
cobol68,keyword,PERFORM
cobol68,keyword,PF
cobol68,keyword,PH
cobol68,keyword,PIC
cobol68,keyword,PICTURE
cobol68,keyword,PLUS
cobol68,keyword,POSITION
cobol68,keyword,POSITIVE
cobol68,keyword,PROCEDURE
cobol68,keyword,PROCEED
cobol68,keyword,PROCESSING
cobol68,keyword,PROGRAM-ID
cobol68,keyword,QUOTE
cobol68,keyword,QUOTES
cobol68,keyword,RANDOM
cobol68,keyword,RD
cobol68,keyword,READ
cobol68,keyword,RECORD
cobol68,keyword,RECORDS
cobol68,keyword,REDEFINES
cobol68,keyword,REEL
cobol68,keyword,RELEASE
cobol68,keyword,REMARKS
cobol68,keyword,RENAMES
cobol68,keyword,REPLACING
cobol68,keyword,REPORT
cobol68,keyword,REPORTING
cobol68,keyword,REPORTS
cobol68,keyword,RERUN
cobol68,keyword,RESERVE
cobol68,keyword,RESET
cobol68,keyword,RETRUN
cobol68,keyword,REVERSED
cobol68,keyword,REWIND
cobol68,keyword,RF
cobol68,keyword,RH
cobol68,keyword,RIGHT
cobol68,keyword,ROUNDED
cobol68,keyword,RUN
cobol68,keyword,SAME
cobol68,keyword,SD
cobol68,keyword,SEARCH
cobol68,keyword,SECTION
cobol68,keyword,SECURITY
cobol68,keyword,SEEK
cobol68,keyword,SEGMENT-LIMIT
cobol68,keyword,SELECT
cobol68,keyword,SENTENCE
cobol68,keyword,SEQUENTIAL
cobol68,keyword,SET
cobol68,keyword,SIGN
cobol68,keyword,SIZE
cobol68,keyword,SORT
cobol68,keyword,SOURCE
cobol68,keyword,SOURCE-COMPUTER
cobol68,keyword,SPACE
cobol68,keyword,SPACES
cobol68,keyword,SPECIAL-NAMES
cobol68,keyword,STANDARD
cobol68,keyword,STATUS
cobol68,keyword,STOP
cobol68,keyword,SUBTRACT
cobol68,keyword,SUM
cobol68,keyword,SYNC
cobol68,keyword,SYNCHRONIZED
cobol68,keyword,TALLY
cobol68,keyword,TALLYING
cobol68,keyword,TAPEL
cobol68,keyword,TERMINATE
cobol68,keyword,THAN
cobol68,keyword,THROUGH
cobol68,keyword,THRU
cobol68,keyword,TIMES
cobol68,keyword,TO
cobol68,keyword,TODAY
cobol68,keyword,TYPE
cobol68,keyword,UNIT
cobol68,keyword,UNTIL
cobol68,keyword,UP
cobol68,keyword,UPON
cobol68,keyword,USAGE
cobol68,keyword,USE
cobol68,keyword,USING
cobol68,keyword,VALUE
cobol68,keyword,VALUES
cobol68,keyword,VARYING
cobol68,keyword,WHEN
cobol68,keyword,WITH
cobol68,keyword,WORDS
cobol68,keyword,WORKING-STORAGE
cobol68,keyword,WRITE
cobol68,keyword,ZERO
cobol68,keyword,ZEROES
cobol68,keyword,ZEROS
cobol68,binary-operator,**
cobol68,binary-precedence,6
cobol68,binary-operator,^
cobol68,binary-precedence,6
cobol68,binary-operator,*
cobol68,binary-precedence,5
cobol68,binary-operator,/
cobol68,binary-precedence,5
cobol68,binary-operator,+
cobol68,binary-precedence,4
cobol68,binary-operator,-
cobol68,binary-precedence,4
cobol68,binary-operator,greater_than
cobol68,binary-precedence,3
cobol68,binary-operator,>_than
cobol68,binary-precedence,3
cobol68,binary-operator,not_greater_than
cobol68,binary-precedence,3
cobol68,binary-operator,not_>_than
cobol68,binary-precedence,3
cobol68,binary-operator,less_than
cobol68,binary-precedence,3
cobol68,binary-operator,<_than
cobol68,binary-precedence,3
cobol68,binary-operator,not_less_than
cobol68,binary-precedence,3
cobol68,binary-operator,not_<_than
cobol68,binary-precedence,3
cobol68,binary-operator,equal_to
cobol68,binary-precedence,3
cobol68,binary-operator,=_to
cobol68,binary-precedence,3
cobol68,binary-operator,not_equal_to
cobol68,binary-precedence,3
cobol68,binary-operator,not_=_to
cobol68,binary-precedence,3
cobol68,binary-operator,is
cobol68,binary-precedence,2
cobol68,binary-operator,is_not
cobol68,binary-precedence,2
cobol68,binary-operator,and
cobol68,binary-precedence,1
cobol68,binary-operator,or
cobol68,binary-precedence,1
cobol68,binary-operator,not
cobol68,binary-precedence,1
cobol68,unary-operator,+
cobol68,unary-precedence,7
cobol68,unary-operator,-
cobol68,unary-precedence,7
cobol68,function-definition,label
cpp98,wikipedia,general-purpose
cpp98,wikipedia,weight
cpp98,keyword,and
cpp98,keyword,and_eq
cpp98,keyword,asm
cpp98,keyword,auto
cpp98,keyword,bitand
cpp98,keyword,bitor
cpp98,keyword,bool
cpp98,keyword,break
cpp98,keyword,case
cpp98,keyword,catch
cpp98,keyword,char
cpp98,keyword,class
cpp98,keyword,compl
cpp98,keyword,const
cpp98,keyword,const_cast
cpp98,keyword,continue
cpp98,keyword,default
cpp98,keyword,delete
cpp98,keyword,do
cpp98,keyword,double
cpp98,keyword,dynamic_cast
cpp98,keyword,else
cpp98,keyword,enum
cpp98,keyword,explicit
cpp98,keyword,export
cpp98,keyword,extern
cpp98,keyword,false
cpp98,keyword,float
cpp98,keyword,for
cpp98,keyword,friend
cpp98,keyword,goto
cpp98,keyword,if
cpp98,keyword,inline
cpp98,keyword,int
cpp98,keyword,long
cpp98,keyword,mutable
cpp98,keyword,namespace
cpp98,keyword,new
cpp98,keyword,not
cpp98,keyword,not_eq
cpp98,keyword,operator
cpp98,keyword,or
cpp98,keyword,or_eq
cpp98,keyword,private
cpp98,keyword,protected
cpp98,keyword,public
cpp98,keyword,register
cpp98,keyword,reinterpret_cast
cpp98,keyword,return
cpp98,keyword,short
cpp98,keyword,signed
cpp98,keyword,sizeof
cpp98,keyword,static
cpp98,keyword,static_cast
cpp98,keyword,struct
cpp98,keyword,switch
cpp98,keyword,template
cpp98,keyword,this
cpp98,keyword,throw
cpp98,keyword,true
cpp98,keyword,try
cpp98,keyword,typedef
cpp98,keyword,typeid
cpp98,keyword,typename
cpp98,keyword,union
cpp98,keyword,unsigned
cpp98,keyword,using
cpp98,keyword,virtual
cpp98,keyword,void
cpp98,keyword,volatile
cpp98,keyword,wchar_t
cpp98,keyword,while
cpp98,keyword,xor
cpp98,keyword,xor_eq
cpp98,comment,to-end-of-line
cpp98,comment,start
cpp98,comment,end
cpp98,white-space,significant
cpp98,white-space,free-form
cpp98,white-space,line-continuation
cpp98,white-space,backslash
cpp98,identifier,case-significant
cpp98,identifier,characters-significant
cpp98,literal,integer-decimal
cpp98,literal,integer-hexadecimal
cpp98,literal,integer-octal
cpp98,literal,integer-character
cpp98,literal,floating-point
cpp98,literal,string
cpp98,control-flow,{
cpp98,control-flow,}
cpp98,control-flow,switch
cpp98,control-flow,goto
cpp98,control-flow,break
cpp98,control-flow,continue
cpp98,control-flow,if
cpp98,control-flow,else
cpp98,control-flow,for
cpp98,control-flow,while
cpp98,control-flow,do
cpp98,expression,infix
cpp98,expression,left-associative
cpp98,ternary-operator,?:
cpp98,ternary-precedence,2
cpp98,binary-operator,[]
cpp98,binary-precedence,16
cpp98,binary-operator,.
cpp98,binary-precedence,16
cpp98,binary-operator,->
cpp98,binary-precedence,16
cpp98,binary-operator,typeid
cpp98,binary-precedence,16
cpp98,binary-operator,const_cast
cpp98,binary-precedence,16
cpp98,binary-operator,dynamic_cast
cpp98,binary-precedence,16
cpp98,binary-operator,reinterpret_cast
cpp98,binary-precedence,16
cpp98,binary-operator,static_cast
cpp98,binary-precedence,16
cpp98,binary-operator,.*
cpp98,binary-precedence,14
cpp98,binary-operator,->*
cpp98,binary-precedence,14
cpp98,binary-operator,*
cpp98,binary-precedence,13
cpp98,binary-operator,/
cpp98,binary-precedence,13
cpp98,binary-operator,%
cpp98,binary-precedence,13
cpp98,binary-operator,+
cpp98,binary-precedence,12
cpp98,binary-operator,-
cpp98,binary-precedence,12
cpp98,binary-operator,<<
cpp98,binary-precedence,11
cpp98,binary-operator,>>
cpp98,binary-precedence,11
cpp98,binary-operator,<=>
cpp98,binary-precedence,10
cpp98,binary-operator,<
cpp98,binary-precedence,9
cpp98,binary-operator,<=
cpp98,binary-precedence,9
cpp98,binary-operator,>
cpp98,binary-precedence,9
cpp98,binary-operator,>=
cpp98,binary-precedence,9
cpp98,binary-operator,==
cpp98,binary-precedence,8
cpp98,binary-operator,!=
cpp98,binary-precedence,8
cpp98,binary-operator,&
cpp98,binary-precedence,7
cpp98,binary-operator,^
cpp98,binary-precedence,6
cpp98,binary-operator,|
cpp98,binary-precedence,5
cpp98,binary-operator,&&
cpp98,binary-precedence,4
cpp98,binary-operator,||
cpp98,binary-precedence,3
cpp98,binary-operator,=
cpp98,binary-precedence,2
cpp98,binary-operator,+=
cpp98,binary-precedence,2
cpp98,binary-operator,-=
cpp98,binary-precedence,2
cpp98,binary-operator,*=
cpp98,binary-precedence,2
cpp98,binary-operator,/=
cpp98,binary-precedence,2
cpp98,binary-operator,%=
cpp98,binary-precedence,2
cpp98,binary-operator,<<=
cpp98,binary-precedence,2
cpp98,binary-operator,>>=
cpp98,binary-precedence,2
cpp98,binary-operator,&=
cpp98,binary-precedence,2
cpp98,binary-operator,^=
cpp98,binary-precedence,2
cpp98,binary-operator,|=
cpp98,binary-precedence,2
cpp98,binary-operator,throw
cpp98,binary-precedence,2
cpp98,binary-operator,","
cpp98,binary-precedence,1
cpp98,unary-operator,++
cpp98,unary-precedence,15
cpp98,unary-operator,--
cpp98,unary-precedence,15
cpp98,unary-operator,+
cpp98,unary-precedence,15
cpp98,unary-operator,-
cpp98,unary-precedence,15
cpp98,unary-operator,!
cpp98,unary-precedence,15
cpp98,unary-operator,~
cpp98,unary-precedence,15
cpp98,unary-operator,*
cpp98,unary-precedence,15
cpp98,unary-operator,&
cpp98,unary-precedence,15
cpp98,unary-operator,sizeof
cpp98,unary-precedence,15
cpp98,unary-operator,_Alignof
cpp98,unary-precedence,15
cpp98,unary-operator,new
cpp98,unary-precedence,15
cpp98,unary-operator,delete
cpp98,unary-precedence,15
cpp98,declaration,struct
cpp98,declaration,union
cpp98,declaration,int
cpp98,declaration,float
cpp98,declaration,enum
cpp98,declaration,*
cpp98,statement,semicolon
cpp98,statement,file-import
cpp98,statement,#include
cpp98,function-definition,overloaded
cpp98,function-definition,arguments-type-checked
cpp98,function-definition,variadic-arguments
cpp98,function-definition,pass-by-value
cpp98,function-definition,pass-by-reference
csharp,wikipedia,general-purpose
csharp,wikipedia,multi-paradigm
csharp,keyword,abstract
csharp,keyword,as
csharp,keyword,base
csharp,keyword,bool
csharp,keyword,break
csharp,keyword,byte
csharp,keyword,case
csharp,keyword,catch
csharp,keyword,char
csharp,keyword,checked
csharp,keyword,class
csharp,keyword,const
csharp,keyword,continue
csharp,keyword,decimal
csharp,keyword,default
csharp,keyword,delegate
csharp,keyword,do
csharp,keyword,double
csharp,keyword,else
csharp,keyword,enum
csharp,keyword,event
csharp,keyword,explicit
csharp,keyword,extern
csharp,keyword,false
csharp,keyword,finally
csharp,keyword,fixed
csharp,keyword,float
csharp,keyword,for
csharp,keyword,foreach
csharp,keyword,goto
csharp,keyword,if
csharp,keyword,implicit
csharp,keyword,in
csharp,keyword,int
csharp,keyword,interface
csharp,keyword,internal
csharp,keyword,is
csharp,keyword,lock
csharp,keyword,long
csharp,keyword,namespace
csharp,keyword,new
csharp,keyword,null
csharp,keyword,object
csharp,keyword,operator
csharp,keyword,out
csharp,keyword,override
csharp,keyword,params
csharp,keyword,private
csharp,keyword,protected
csharp,keyword,public
csharp,keyword,readonly
csharp,keyword,ref
csharp,keyword,return
csharp,keyword,sbyte
csharp,keyword,sealed
csharp,keyword,short
csharp,keyword,sizeof
csharp,keyword,stackalloc
csharp,keyword,static
csharp,keyword,string
csharp,keyword,struct
csharp,keyword,switch
csharp,keyword,this
csharp,keyword,throw
csharp,keyword,true
csharp,keyword,try
csharp,keyword,typeof
csharp,keyword,unit
csharp,keyword,ulong
csharp,keyword,unchecked
csharp,keyword,unsafe
csharp,keyword,ushort
csharp,keyword,using
csharp,keyword,virtual
csharp,keyword,void
csharp,keyword,volatile
csharp,keyword,while
csharp,ternary-operator,:?
csharp,ternary-precedence,2
csharp,binary-operator,*
csharp,binary-precedence,12
csharp,binary-operator,/
csharp,binary-precedence,12
csharp,binary-operator,%
csharp,binary-precedence,12
csharp,binary-operator,+
csharp,binary-precedence,11
csharp,binary-operator,-
csharp,binary-precedence,11
csharp,binary-operator,<<
csharp,binary-precedence,10
csharp,binary-operator,>>
csharp,binary-precedence,10
csharp,binary-operator,<
csharp,binary-precedence,9
csharp,binary-operator,>
csharp,binary-precedence,9
csharp,binary-operator,<=
csharp,binary-precedence,9
csharp,binary-operator,>=
csharp,binary-precedence,9
csharp,binary-operator,isas
csharp,binary-precedence,9
csharp,binary-operator,==
csharp,binary-precedence,8
csharp,binary-operator,!=
csharp,binary-precedence,8
csharp,binary-operator,&
csharp,binary-precedence,7
csharp,binary-operator,^
csharp,binary-precedence,6
csharp,binary-operator,|
csharp,binary-precedence,5
csharp,binary-operator,&&
csharp,binary-precedence,4
csharp,binary-operator,||
csharp,binary-precedence,3
csharp,binary-operator,=
csharp,binary-precedence,1
csharp,binary-operator,*=
csharp,binary-precedence,1
csharp,binary-operator,/=
csharp,binary-precedence,1
csharp,binary-operator,%=
csharp,binary-precedence,1
csharp,binary-operator,+=
csharp,binary-precedence,1
csharp,binary-operator,-=
csharp,binary-precedence,1
csharp,binary-operator,<<=
csharp,binary-precedence,1
csharp,binary-operator,>>=
csharp,binary-precedence,1
csharp,binary-operator,&=
csharp,binary-precedence,1
csharp,binary-operator,^=
csharp,binary-precedence,1
csharp,binary-operator,|=
csharp,binary-precedence,1
csharp,unary-operator,+
csharp,unary-precedence,13
csharp,unary-operator,-
csharp,unary-precedence,13
csharp,unary-operator,!
csharp,unary-precedence,13
csharp,unary-operator,~
csharp,unary-precedence,13
csharp,unary-operator,++
csharp,unary-precedence,13
csharp,unary-operator,--
csharp,unary-precedence,13
csharp,function-definition,overloaded
csharp,function-definition,arguments-type-checked
csharp,function-definition,default-value
csharp,function-definition,named-parameter
csharp,function-definition,pass-by-value
csharp,function-definition,pass-by-reference
d,wikipedia,multi-paradigm
d,wikipedia,system
d,keyword,abstract
d,keyword,alias
d,keyword,align
d,keyword,asm
d,keyword,assert
d,keyword,auto
d,keyword,body
d,keyword,bool
d,keyword,break
d,keyword,byte
d,keyword,case
d,keyword,cast
d,keyword,catch
d,keyword,char
d,keyword,class
d,keyword,const
d,keyword,continue
d,keyword,creal
d,keyword,dchar
d,keyword,debug
d,keyword,default
d,keyword,delegate
d,keyword,delete
d,keyword,deprecated
d,keyword,do
d,keyword,double
d,keyword,else
d,keyword,enum
d,keyword,export
d,keyword,extern
d,keyword,false
d,keyword,final
d,keyword,finally
d,keyword,float
d,keyword,for
d,keyword,foreach
d,keyword,foreach_reverse
d,keyword,function
d,keyword,goto
d,keyword,if
d,keyword,immutable
d,keyword,import
d,keyword,in
d,keyword,inout
d,keyword,int
d,keyword,interface
d,keyword,invariant
d,keyword,is
d,keyword,lazy
d,keyword,long
d,keyword,macro
d,keyword,mixin
d,keyword,module
d,keyword,new
d,keyword,nothrow
d,keyword,null
d,keyword,out
d,keyword,override
d,keyword,package
d,keyword,pragma
d,keyword,private
d,keyword,protected
d,keyword,public
d,keyword,pure
d,keyword,real
d,keyword,ref
d,keyword,return
d,keyword,scope
d,keyword,shared
d,keyword,short
d,keyword,static
d,keyword,struct
d,keyword,super
d,keyword,switch
d,keyword,synchronized
d,keyword,template
d,keyword,this
d,keyword,throw
d,keyword,true
d,keyword,try
d,keyword,typeid
d,keyword,typeof
d,keyword,ubyte
d,keyword,uint
d,keyword,ulong
d,keyword,union
d,keyword,unittest
d,keyword,ushort
d,keyword,version
d,keyword,void
d,keyword,wchar
d,keyword,while
d,keyword,with
d,keyword,__FILE__
d,keyword,__FILE_FULL_PATH__
d,keyword,__MODULE__
d,keyword,__LINE__
d,keyword,__FUNCTION__
d,keyword,__PRETTY_FUNCTION__
d,keyword,__gshared
d,keyword,__traits
d,keyword,__vector
d,keyword,__parameters
d,ternary-operator,?:
d,ternary-precedence,4
d,binary-operator,=>
d,binary-precedence,16
d,binary-operator,.
d,binary-precedence,15
d,binary-operator,[]
d,binary-precedence,15
d,binary-operator,^^
d,binary-precedence,14
d,binary-operator,*
d,binary-precedence,12
d,binary-operator,/
d,binary-precedence,12
d,binary-operator,%
d,binary-precedence,12
d,binary-operator,+
d,binary-precedence,11
d,binary-operator,-
d,binary-precedence,11
d,binary-operator,~
d,binary-precedence,11
d,binary-operator,<<
d,binary-precedence,10
d,binary-operator,>>
d,binary-precedence,10
d,binary-operator,>>>
d,binary-precedence,10
d,binary-operator,==
d,binary-precedence,7
d,binary-operator,!=
d,binary-precedence,7
d,binary-operator,>
d,binary-precedence,7
d,binary-operator,<
d,binary-precedence,7
d,binary-operator,>=
d,binary-precedence,7
d,binary-operator,<=
d,binary-precedence,7
d,binary-operator,!>
d,binary-precedence,7
d,binary-operator,!<
d,binary-precedence,7
d,binary-operator,!>=
d,binary-precedence,7
d,binary-operator,!<=
d,binary-precedence,7
d,binary-operator,<>
d,binary-precedence,7
d,binary-operator,!<>
d,binary-precedence,7
d,binary-operator,<>=
d,binary-precedence,7
d,binary-operator,!<>=
d,binary-precedence,7
d,binary-operator,in
d,binary-precedence,7
d,binary-operator,!in
d,binary-precedence,7
d,binary-operator,is
d,binary-precedence,7
d,binary-operator,!is
d,binary-precedence,7
d,binary-operator,&
d,binary-precedence,9
d,binary-operator,^
d,binary-precedence,8
d,binary-operator,|
d,binary-precedence,7
d,binary-operator,&&
d,binary-precedence,6
d,binary-operator,||
d,binary-precedence,5
d,binary-operator,=
d,binary-precedence,3
d,binary-operator,-=
d,binary-precedence,3
d,binary-operator,+=
d,binary-precedence,3
d,binary-operator,<<=
d,binary-precedence,3
d,binary-operator,>>=
d,binary-precedence,3
d,binary-operator,>>>=
d,binary-precedence,3
d,binary-operator,/=
d,binary-precedence,3
d,binary-operator,*=
d,binary-precedence,3
d,binary-operator,%=
d,binary-precedence,3
d,binary-operator,^=
d,binary-precedence,3
d,binary-operator,^^=
d,binary-precedence,3
d,binary-operator,~=
d,binary-precedence,3
d,binary-operator,","
d,binary-precedence,1
d,unary-operator,&
d,unary-precedence,13
d,unary-operator,++
d,unary-precedence,13
d,unary-operator,--
d,unary-precedence,13
d,unary-operator,*
d,unary-precedence,13
d,unary-operator,+
d,unary-precedence,13
d,unary-operator,-
d,unary-precedence,13
d,unary-operator,!
d,unary-precedence,13
d,unary-operator,~
d,unary-precedence,13
d,function-definition,overloaded
d,function-definition,arguments-type-checked
d,function-definition,named-parameter
d,function-definition,variadic-arguments
d,function-definition,pass-by-value
d,function-definition,pass-by-reference
d,function-definition,pass-by-out
eiffel,wikipedia,object-oriented
eiffel,keyword,across
eiffel,keyword,agent
eiffel,keyword,alias
eiffel,keyword,all
eiffel,keyword,and
eiffel,keyword,as
eiffel,keyword,assign
eiffel,keyword,attribute
eiffel,keyword,check
eiffel,keyword,class
eiffel,keyword,convert
eiffel,keyword,create
eiffel,keyword,Current
eiffel,keyword,debug
eiffel,keyword,deferred
eiffel,keyword,do
eiffel,keyword,else
eiffel,keyword,elseif
eiffel,keyword,end
eiffel,keyword,ensure
eiffel,keyword,expanded
eiffel,keyword,export
eiffel,keyword,external
eiffel,keyword,False
eiffel,keyword,feature
eiffel,keyword,from
eiffel,keyword,frozen
eiffel,keyword,if
eiffel,keyword,inherit
eiffel,keyword,implies
eiffel,keyword,inspect
eiffel,keyword,invariant
eiffel,keyword,like
eiffel,keyword,local
eiffel,keyword,loop
eiffel,keyword,not
eiffel,keyword,note
eiffel,keyword,obsolete
eiffel,keyword,old
eiffel,keyword,once
eiffel,keyword,only
eiffel,keyword,or
eiffel,keyword,redefine
eiffel,keyword,rename
eiffel,keyword,require
eiffel,keyword,rescue
eiffel,keyword,Result
eiffel,keyword,retry
eiffel,keyword,select
eiffel,keyword,separate
eiffel,keyword,then
eiffel,keyword,True
eiffel,keyword,TUPLE
eiffel,keyword,undefine
eiffel,keyword,until
eiffel,keyword,variant
eiffel,keyword,Void
eiffel,keyword,xor
eiffel,binary-operator,.
eiffel,binary-precedence,13
eiffel,binary-operator,^
eiffel,binary-precedence,10
eiffel,binary-operator,*
eiffel,binary-precedence,9
eiffel,binary-operator,/
eiffel,binary-precedence,9
eiffel,binary-operator,//
eiffel,binary-precedence,9
eiffel,binary-operator,\\
eiffel,binary-precedence,9
eiffel,binary-operator,+
eiffel,binary-precedence,8
eiffel,binary-operator,-
eiffel,binary-precedence,8
eiffel,binary-operator,..
eiffel,binary-precedence,7
eiffel,binary-operator,=
eiffel,binary-precedence,6
eiffel,binary-operator,/=
eiffel,binary-precedence,6
eiffel,binary-operator,~
eiffel,binary-precedence,6
eiffel,binary-operator,/~
eiffel,binary-precedence,6
eiffel,binary-operator,<
eiffel,binary-precedence,6
eiffel,binary-operator,>
eiffel,binary-precedence,6
eiffel,binary-operator,<=
eiffel,binary-precedence,6
eiffel,binary-operator,>=
eiffel,binary-precedence,6
eiffel,binary-operator,and
eiffel,binary-precedence,5
eiffel,binary-operator,andthen
eiffel,binary-precedence,5
eiffel,binary-operator,or
eiffel,binary-precedence,4
eiffel,binary-operator,orelse
eiffel,binary-precedence,4
eiffel,binary-operator,xor
eiffel,binary-precedence,4
eiffel,binary-operator,implies
eiffel,binary-precedence,3
eiffel,binary-operator,[]
eiffel,binary-precedence,2
eiffel,unary-operator,old
eiffel,unary-precedence,12
eiffel,unary-operator,not
eiffel,unary-precedence,12
eiffel,unary-operator,+
eiffel,unary-precedence,12
eiffel,unary-operator,-
eiffel,unary-precedence,12
eiffel,function-definition,arguments-type-checked
eiffel,function-definition,pass-by-value
fortran77,wikipedia,general-purpose
fortran77,wikipedia,compiled
fortran77,wikipedia,imperative
fortran77,keyword,assign
fortran77,keyword,backspace
fortran77,keyword,block
fortran77,keyword,call
fortran77,keyword,close
fortran77,keyword,common
fortran77,keyword,continue
fortran77,keyword,data
fortran77,keyword,dimension
fortran77,keyword,do
fortran77,keyword,else
fortran77,keyword,end
fortran77,keyword,endfile
fortran77,keyword,endif
fortran77,keyword,entry
fortran77,keyword,equivalence
fortran77,keyword,external
fortran77,keyword,format
fortran77,keyword,function
fortran77,keyword,goto
fortran77,keyword,if
fortran77,keyword,implicit
fortran77,keyword,inquire
fortran77,keyword,intrinsic
fortran77,keyword,open
fortran77,keyword,parameter
fortran77,keyword,pause
fortran77,keyword,print
fortran77,keyword,program
fortran77,keyword,read
fortran77,keyword,return
fortran77,keyword,rewind
fortran77,keyword,rewrite
fortran77,keyword,save
fortran77,keyword,stop
fortran77,keyword,subroutine
fortran77,keyword,then
fortran77,keyword,write
fortran77,binary-operator,**
fortran77,binary-precedence,11
fortran77,binary-operator,*
fortran77,binary-precedence,10
fortran77,binary-operator,/
fortran77,binary-precedence,10
fortran77,binary-operator,+
fortran77,binary-precedence,8
fortran77,binary-operator,-
fortran77,binary-precedence,8
fortran77,binary-operator,.eq.
fortran77,binary-precedence,5
fortran77,binary-operator,.ge.
fortran77,binary-precedence,5
fortran77,binary-operator,.gt.
fortran77,binary-precedence,5
fortran77,binary-operator,.le.
fortran77,binary-precedence,5
fortran77,binary-operator,.lt.
fortran77,binary-precedence,5
fortran77,binary-operator,.ne.
fortran77,binary-precedence,5
fortran77,binary-operator,==
fortran77,binary-precedence,5
fortran77,binary-operator,>=
fortran77,binary-precedence,5
fortran77,binary-operator,>
fortran77,binary-precedence,5
fortran77,binary-operator,<=
fortran77,binary-precedence,5
fortran77,binary-operator,<
fortran77,binary-precedence,5
fortran77,binary-operator,/=
fortran77,binary-precedence,5
fortran77,binary-operator,.and.
fortran77,binary-precedence,3
fortran77,binary-operator,&
fortran77,binary-precedence,3
fortran77,binary-operator,.or.
fortran77,binary-precedence,2
fortran77,binary-operator,|
fortran77,binary-precedence,2
fortran77,binary-operator,.eqv.
fortran77,binary-precedence,1
fortran77,binary-operator,.neqv.
fortran77,binary-precedence,1
fortran77,unary-operator,.not.
fortran77,unary-precedence,12
fortran77,unary-operator,+
fortran77,unary-precedence,9
fortran77,unary-operator,=
fortran77,unary-precedence,9
fortran77,function-definition,arguments-not-checked
fortran77,function-definition,pass-by-reference
haskell,wikipedia,general-purpose
haskell,wikipedia,statically-typed
haskell,wikipedia,purely
haskell,wikipedia,functional
haskell,keyword,as
haskell,keyword,case
haskell,keyword,class
haskell,keyword,data
haskell,keyword,default
haskell,keyword,deriving
haskell,keyword,do
haskell,keyword,else
haskell,keyword,family
haskell,keyword,forall
haskell,keyword,foreign
haskell,keyword,hiding
haskell,keyword,if
haskell,keyword,import
haskell,keyword,in
haskell,keyword,infix
haskell,keyword,infixl
haskell,keyword,infixr
haskell,keyword,instance
haskell,keyword,let
haskell,keyword,mdo
haskell,keyword,module
haskell,keyword,newtype
haskell,keyword,of
haskell,keyword,proc
haskell,keyword,qualified
haskell,keyword,rec
haskell,keyword,then
haskell,keyword,type
haskell,keyword,where
haskell,binary-operator,.
haskell,binary-precedence,11
haskell,binary-operator,^
haskell,binary-precedence,10
haskell,binary-operator,^^
haskell,binary-precedence,10
haskell,binary-operator,**
haskell,binary-precedence,10
haskell,binary-operator,*
haskell,binary-precedence,9
haskell,binary-operator,/
haskell,binary-precedence,9
haskell,binary-operator,quot
haskell,binary-precedence,9
haskell,binary-operator,rem
haskell,binary-precedence,9
haskell,binary-operator,div
haskell,binary-precedence,9
haskell,binary-operator,mod
haskell,binary-precedence,9
haskell,binary-operator,+
haskell,binary-precedence,8
haskell,binary-operator,-
haskell,binary-precedence,8
haskell,binary-operator,:
haskell,binary-precedence,7
haskell,binary-operator,==
haskell,binary-precedence,6
haskell,binary-operator,/=
haskell,binary-precedence,6
haskell,binary-operator,<
haskell,binary-precedence,6
haskell,binary-operator,<=
haskell,binary-precedence,6
haskell,binary-operator,>=
haskell,binary-precedence,6
haskell,binary-operator,>
haskell,binary-precedence,6
haskell,binary-operator,&&
haskell,binary-precedence,5
haskell,binary-operator,||
haskell,binary-precedence,4
haskell,binary-operator,>>
haskell,binary-precedence,2
haskell,binary-operator,>>=
haskell,binary-precedence,2
haskell,binary-operator,=<<
haskell,binary-precedence,2
haskell,binary-operator,$
haskell,binary-precedence,1
haskell,binary-operator,$!
haskell,binary-precedence,1
haskell,binary-operator,seq
haskell,binary-precedence,1
haskell,function-definition,arguments-type-checked
haskell,function-definition,pass-by-value
javascript,wikipedia,is-a
javascript,keyword,abstract
javascript,keyword,arguments
javascript,keyword,await
javascript,keyword,boolean
javascript,keyword,break
javascript,keyword,byte
javascript,keyword,case
javascript,keyword,catch
javascript,keyword,char
javascript,keyword,class
javascript,keyword,const
javascript,keyword,continue
javascript,keyword,debugger
javascript,keyword,default
javascript,keyword,delete
javascript,keyword,do
javascript,keyword,double
javascript,keyword,else
javascript,keyword,enum
javascript,keyword,eval
javascript,keyword,export
javascript,keyword,extends
javascript,keyword,false
javascript,keyword,final
javascript,keyword,finally
javascript,keyword,float
javascript,keyword,for
javascript,keyword,function
javascript,keyword,goto
javascript,keyword,if
javascript,keyword,implements
javascript,keyword,import
javascript,keyword,in
javascript,keyword,instanceof
javascript,keyword,int
javascript,keyword,interface
javascript,keyword,let
javascript,keyword,long
javascript,keyword,native
javascript,keyword,new
javascript,keyword,null
javascript,keyword,package
javascript,keyword,private
javascript,keyword,protected
javascript,keyword,public
javascript,keyword,return
javascript,keyword,short
javascript,keyword,static
javascript,keyword,super
javascript,keyword,switch
javascript,keyword,synchronized
javascript,keyword,this
javascript,keyword,throw
javascript,keyword,throws
javascript,keyword,transient
javascript,keyword,true
javascript,keyword,try
javascript,keyword,typeof
javascript,keyword,var
javascript,keyword,void
javascript,keyword,volatile
javascript,keyword,while
javascript,keyword,with
javascript,keyword,yield
javascript,ternary-operator,?:
javascript,ternary-precedence,4
javascript,binary-operator,.
javascript,binary-precedence,17
javascript,binary-operator,[]
javascript,binary-precedence,17
javascript,binary-operator,new
javascript,binary-precedence,17
javascript,binary-operator,()
javascript,binary-precedence,17
javascript,binary-operator,**
javascript,binary-precedence,15
javascript,binary-operator,*
javascript,binary-precedence,14
javascript,binary-operator,/
javascript,binary-precedence,14
javascript,binary-operator,%
javascript,binary-precedence,14
javascript,binary-operator,+
javascript,binary-precedence,13
javascript,binary-operator,-
javascript,binary-precedence,13
javascript,binary-operator,<<
javascript,binary-precedence,12
javascript,binary-operator,>>
javascript,binary-precedence,12
javascript,binary-operator,>>>
javascript,binary-precedence,12
javascript,binary-operator,<
javascript,binary-precedence,11
javascript,binary-operator,<=
javascript,binary-precedence,11
javascript,binary-operator,>
javascript,binary-precedence,11
javascript,binary-operator,>=
javascript,binary-precedence,11
javascript,binary-operator,in
javascript,binary-precedence,11
javascript,binary-operator,instanceof
javascript,binary-precedence,11
javascript,binary-operator,==
javascript,binary-precedence,10
javascript,binary-operator,!=
javascript,binary-precedence,10
javascript,binary-operator,===
javascript,binary-precedence,10
javascript,binary-operator,!==
javascript,binary-precedence,10
javascript,binary-operator,&
javascript,binary-precedence,9
javascript,binary-operator,^
javascript,binary-precedence,8
javascript,binary-operator,|
javascript,binary-precedence,7
javascript,binary-operator,&&
javascript,binary-precedence,6
javascript,binary-operator,||
javascript,binary-precedence,5
javascript,binary-operator,=
javascript,binary-precedence,3
javascript,binary-operator,+=
javascript,binary-precedence,3
javascript,binary-operator,-=
javascript,binary-precedence,3
javascript,binary-operator,*=
javascript,binary-precedence,3
javascript,binary-operator,/=
javascript,binary-precedence,3
javascript,binary-operator,%=
javascript,binary-precedence,3
javascript,binary-operator,<<=
javascript,binary-precedence,3
javascript,binary-operator,>>=
javascript,binary-precedence,3
javascript,binary-operator,>>>=
javascript,binary-precedence,3
javascript,binary-operator,&=
javascript,binary-precedence,3
javascript,binary-operator,^=
javascript,binary-precedence,3
javascript,binary-operator,|=
javascript,binary-precedence,3
javascript,binary-operator,yield
javascript,binary-precedence,2
javascript,binary-operator,","
javascript,binary-precedence,1
javascript,unary-operator,++
javascript,unary-precedence,16
javascript,unary-operator,--
javascript,unary-precedence,16
javascript,unary-operator,â€”
javascript,unary-precedence,16
javascript,unary-operator,!
javascript,unary-precedence,16
javascript,unary-operator,typeof
javascript,unary-precedence,16
javascript,function-definition,named-parameter
javascript,function-definition,scalar-by-value
javascript,function-definition,object-by-reference
java,wikipedia,high-level
java,wikipedia,class-based
java,wikipedia,object-oriented
java,keyword,abstract
java,keyword,assert
java,keyword,boolean
java,keyword,break
java,keyword,byte
java,keyword,case
java,keyword,catch
java,keyword,char
java,keyword,class
java,keyword,const
java,keyword,continue
java,keyword,default
java,keyword,do
java,keyword,double
java,keyword,else
java,keyword,enum
java,keyword,extends
java,keyword,final
java,keyword,finally
java,keyword,float
java,keyword,for
java,keyword,goto
java,keyword,if
java,keyword,implements
java,keyword,import
java,keyword,instanceof
java,keyword,int
java,keyword,interface
java,keyword,long
java,keyword,native
java,keyword,new
java,keyword,package
java,keyword,private
java,keyword,protected
java,keyword,public
java,keyword,return
java,keyword,short
java,keyword,static
java,keyword,strictfp
java,keyword,super
java,keyword,switch
java,keyword,synchronized
java,keyword,this
java,keyword,throw
java,keyword,throws
java,keyword,transient
java,keyword,try
java,keyword,var
java,keyword,void
java,keyword,volatile
java,keyword,while
java,ternary-operator,?:
java,ternary-precedence,2
java,binary-operator,()
java,binary-precedence,15
java,binary-operator,[]
java,binary-precedence,15
java,binary-operator,.
java,binary-precedence,15
java,binary-operator,*
java,binary-precedence,12
java,binary-operator,/
java,binary-precedence,12
java,binary-operator,%
java,binary-precedence,12
java,binary-operator,+
java,binary-precedence,11
java,binary-operator,-
java,binary-precedence,11
java,binary-operator,<<
java,binary-precedence,10
java,binary-operator,>>
java,binary-precedence,10
java,binary-operator,>>>
java,binary-precedence,10
java,binary-operator,<
java,binary-precedence,9
java,binary-operator,<=
java,binary-precedence,9
java,binary-operator,>
java,binary-precedence,9
java,binary-operator,>=
java,binary-precedence,9
java,binary-operator,instanceof
java,binary-precedence,9
java,binary-operator,==
java,binary-precedence,8
java,binary-operator,!=
java,binary-precedence,8
java,binary-operator,&
java,binary-precedence,7
java,binary-operator,^
java,binary-precedence,6
java,binary-operator,|
java,binary-precedence,5
java,binary-operator,&&
java,binary-precedence,4
java,binary-operator,||
java,binary-precedence,3
java,binary-operator,=
java,binary-precedence,1
java,binary-operator,+=
java,binary-precedence,1
java,binary-operator,-=
java,binary-precedence,1
java,binary-operator,*=
java,binary-precedence,1
java,binary-operator,/=
java,binary-precedence,1
java,binary-operator,%=
java,binary-precedence,1
java,binary-operator,<<=
java,binary-precedence,1
java,binary-operator,>>=
java,binary-precedence,1
java,binary-operator,>>>=
java,binary-precedence,1
java,binary-operator,&=
java,binary-precedence,1
java,binary-operator,^=
java,binary-precedence,1
java,binary-operator,|=
java,binary-precedence,1
java,unary-operator,++
java,unary-precedence,14
java,unary-operator,--
java,unary-precedence,14
java,unary-operator,+
java,unary-precedence,13
java,unary-operator,-
java,unary-precedence,13
java,unary-operator,!
java,unary-precedence,13
java,unary-operator,~
java,unary-precedence,13
java,unary-operator,new
java,unary-precedence,13
java,function-definition,overloaded
java,function-definition,arguments-type-checked
java,function-definition,variadic-arguments
java,function-definition,scalar-by-value
java,function-definition,object-by-reference
lua,wikipedia,lightweight
lua,wikipedia,high-level
lua,wikipedia,multi-paradigm
lua,keyword,and
lua,keyword,break
lua,keyword,do
lua,keyword,else
lua,keyword,elseif
lua,keyword,end
lua,keyword,false
lua,keyword,for
lua,keyword,function
lua,keyword,if
lua,keyword,in
lua,keyword,local
lua,keyword,nil
lua,keyword,not
lua,keyword,or
lua,keyword,repeat
lua,keyword,return
lua,keyword,then
lua,keyword,true
lua,keyword,until
lua,keyword,while
lua,binary-operator,or
lua,binary-precedence,1
lua,binary-operator,and
lua,binary-precedence,2
lua,binary-operator,<
lua,binary-precedence,3
lua,binary-operator,<=
lua,binary-precedence,3
lua,binary-operator,>
lua,binary-precedence,3
lua,binary-operator,>=
lua,binary-precedence,3
lua,binary-operator,~=
lua,binary-precedence,3
lua,binary-operator,==
lua,binary-precedence,3
lua,binary-operator,..
lua,binary-precedence,4
lua,binary-operator,+
lua,binary-precedence,5
lua,binary-operator,-
lua,binary-precedence,5
lua,binary-operator,*
lua,binary-precedence,6
lua,binary-operator,/
lua,binary-precedence,6
lua,binary-operator,%
lua,binary-precedence,6
lua,binary-operator,^
lua,binary-precedence,8
lua,binary-operator,[]
lua,binary-precedence,9
lua,binary-operator,.
lua,binary-precedence,9
lua,binary-operator,()
lua,binary-precedence,9
lua,binary-operator,:
lua,binary-precedence,9
lua,unary-operator,not
lua,unary-precedence,7
lua,unary-operator,-
lua,unary-precedence,7
lua,function-definition,named-parameter
lua,function-definition,variadic-arguments
lua,function-definition,scalar-by-value
lua,function-definition,object-by-reference
ocaml,wikipedia,general-purpose
ocaml,wikipedia,multi-paradigm
ocaml,keyword,and
ocaml,keyword,as
ocaml,keyword,asr
ocaml,keyword,assert
ocaml,keyword,begin
ocaml,keyword,class
ocaml,keyword,constraint
ocaml,keyword,do
ocaml,keyword,done
ocaml,keyword,downto
ocaml,keyword,else
ocaml,keyword,end
ocaml,keyword,exception
ocaml,keyword,external
ocaml,keyword,false
ocaml,keyword,for
ocaml,keyword,fun
ocaml,keyword,function
ocaml,keyword,functor
ocaml,keyword,if
ocaml,keyword,in
ocaml,keyword,include
ocaml,keyword,inherit
ocaml,keyword,initializer
ocaml,keyword,land
ocaml,keyword,lazy
ocaml,keyword,let
ocaml,keyword,lor
ocaml,keyword,lsl
ocaml,keyword,lsr
ocaml,keyword,lxor
ocaml,keyword,match
ocaml,keyword,method
ocaml,keyword,mod
ocaml,keyword,module
ocaml,keyword,mutable
ocaml,keyword,new
ocaml,keyword,nonrec
ocaml,keyword,object
ocaml,keyword,of
ocaml,keyword,open
ocaml,keyword,or
ocaml,keyword,private
ocaml,keyword,rec
ocaml,keyword,sig
ocaml,keyword,struct
ocaml,keyword,then
ocaml,keyword,to
ocaml,keyword,true
ocaml,keyword,try
ocaml,keyword,type
ocaml,keyword,val
ocaml,keyword,virtual
ocaml,keyword,when
ocaml,keyword,while
ocaml,keyword,with
ocaml,binary-operator,()
ocaml,binary-precedence,13
ocaml,binary-operator,**
ocaml,binary-precedence,12
ocaml,binary-operator,lsl
ocaml,binary-precedence,12
ocaml,binary-operator,lsr
ocaml,binary-precedence,12
ocaml,binary-operator,asr
ocaml,binary-precedence,12
ocaml,binary-operator,*
ocaml,binary-precedence,11
ocaml,binary-operator,/
ocaml,binary-precedence,11
ocaml,binary-operator,%
ocaml,binary-precedence,11
ocaml,binary-operator,mod
ocaml,binary-precedence,11
ocaml,binary-operator,land
ocaml,binary-precedence,11
ocaml,binary-operator,lor
ocaml,binary-precedence,11
ocaml,binary-operator,lxor
ocaml,binary-precedence,11
ocaml,binary-operator,+
ocaml,binary-precedence,10
ocaml,binary-operator,-
ocaml,binary-precedence,10
ocaml,binary-operator,::
ocaml,binary-precedence,9
ocaml,binary-operator,@
ocaml,binary-precedence,8
ocaml,binary-operator,^
ocaml,binary-precedence,8
ocaml,binary-operator,=
ocaml,binary-precedence,7
ocaml,binary-operator,<
ocaml,binary-precedence,7
ocaml,binary-operator,>
ocaml,binary-precedence,7
ocaml,binary-operator,|
ocaml,binary-precedence,7
ocaml,binary-operator,$
ocaml,binary-precedence,7
ocaml,binary-operator,!=
ocaml,binary-precedence,7
ocaml,binary-operator,&
ocaml,binary-precedence,6
ocaml,binary-operator,&&
ocaml,binary-precedence,6
ocaml,binary-operator,or
ocaml,binary-precedence,5
ocaml,binary-operator,||
ocaml,binary-precedence,5
ocaml,binary-operator,<-
ocaml,binary-precedence,3
ocaml,binary-operator,:=
ocaml,binary-precedence,3
ocaml,binary-operator,;
ocaml,binary-precedence,1
ocaml,unary-operator,-
ocaml,unary-precedence,13
ocaml,unary-operator,-.
ocaml,unary-precedence,13
ocaml,unary-operator,if
ocaml,unary-precedence,2
ocaml,function-definition,arguments-type-checked
ocaml,function-definition,named-parameter
ocaml,function-definition,pass-by-value
pascal,wikipedia,imperative
pascal,wikipedia,procedural
pascal,keyword,array
pascal,keyword,begin
pascal,keyword,break
pascal,keyword,case
pascal,keyword,const
pascal,keyword,div
pascal,keyword,do
pascal,keyword,downto
pascal,keyword,else
pascal,keyword,end
pascal,keyword,file
pascal,keyword,for
pascal,keyword,function
pascal,keyword,goto
pascal,keyword,if
pascal,keyword,in
pascal,keyword,label
pascal,keyword,mod
pascal,keyword,nil
pascal,keyword,not
pascal,keyword,of
pascal,keyword,on
pascal,keyword,packed
pascal,keyword,procedure
pascal,keyword,program
pascal,keyword,record
pascal,keyword,repeat
pascal,keyword,set
pascal,keyword,then
pascal,keyword,to
pascal,keyword,type
pascal,keyword,until
pascal,keyword,var
pascal,keyword,while
pascal,keyword,with
pascal,binary-operator,*
pascal,binary-precedence,3
pascal,binary-operator,/
pascal,binary-precedence,3
pascal,binary-operator,div
pascal,binary-precedence,3
pascal,binary-operator,mod
pascal,binary-precedence,3
pascal,binary-operator,and
pascal,binary-precedence,3
pascal,binary-operator,+
pascal,binary-precedence,2
pascal,binary-operator,-
pascal,binary-precedence,2
pascal,binary-operator,or
pascal,binary-precedence,2
pascal,binary-operator,=
pascal,binary-precedence,1
pascal,binary-operator,<>
pascal,binary-precedence,1
pascal,binary-operator,<
pascal,binary-precedence,1
pascal,binary-operator,>
pascal,binary-precedence,1
pascal,binary-operator,<=
pascal,binary-precedence,1
pascal,binary-operator,>=
pascal,binary-precedence,1
pascal,binary-operator,in
pascal,binary-precedence,1
pascal,unary-operator,not
pascal,unary-precedence,4
pascal,function-definition,arguments-type-checked
pascal,function-definition,pass-by-value
pascal,function-definition,pass-by-reference
perl,wikipedia,high-level
perl,wikipedia,general-purpose
perl,wikipedia,interpreted
perl,wikipedia,dynamic
perl,keyword,and
perl,keyword,cmp
perl,keyword,continue
perl,keyword,CORE
perl,keyword,__DATA__
perl,keyword,do
perl,keyword,else
perl,keyword,elsif
perl,keyword,__END__
perl,keyword,eq
perl,keyword,exp
perl,keyword,__FILE__
perl,keyword,for
perl,keyword,foreach
perl,keyword,ge
perl,keyword,gt
perl,keyword,if
perl,keyword,le
perl,keyword,__LINE__
perl,keyword,lock
perl,keyword,lt
perl,keyword,m
perl,keyword,ne
perl,keyword,no
perl,keyword,or
perl,keyword,package
perl,keyword,__PACKAGE__
perl,keyword,q
perl,keyword,qq
perl,keyword,qr
perl,keyword,qw
perl,keyword,qx
perl,keyword,s
perl,keyword,sub
perl,keyword,tr
perl,keyword,unless
perl,keyword,until
perl,keyword,while
perl,keyword,xor
perl,keyword,y
perl,binary-operator,->
perl,binary-precedence,21
perl,binary-operator,**
perl,binary-precedence,19
perl,binary-operator,~
perl,binary-precedence,18
perl,binary-operator,\
perl,binary-precedence,18
perl,binary-operator,=~
perl,binary-precedence,17
perl,binary-operator,!~
perl,binary-precedence,17
perl,binary-operator,*
perl,binary-precedence,16
perl,binary-operator,/
perl,binary-precedence,16
perl,binary-operator,%
perl,binary-precedence,16
perl,binary-operator,x
perl,binary-precedence,16
perl,binary-operator,+
perl,binary-precedence,16
perl,binary-operator,-
perl,binary-precedence,16
perl,binary-operator,.
perl,binary-precedence,15
perl,binary-operator,<<
perl,binary-precedence,14
perl,binary-operator,>>
perl,binary-precedence,14
perl,binary-operator,<
perl,binary-precedence,13
perl,binary-operator,>
perl,binary-precedence,13
perl,binary-operator,<=
perl,binary-precedence,13
perl,binary-operator,>=
perl,binary-precedence,13
perl,binary-operator,lt
perl,binary-precedence,13
perl,binary-operator,gt
perl,binary-precedence,13
perl,binary-operator,le
perl,binary-precedence,13
perl,binary-operator,ge
perl,binary-precedence,13
perl,binary-operator,==
perl,binary-precedence,12
perl,binary-operator,!=
perl,binary-precedence,12
perl,binary-operator,<=>
perl,binary-precedence,12
perl,binary-operator,eq
perl,binary-precedence,12
perl,binary-operator,ne
perl,binary-precedence,12
perl,binary-operator,cmp
perl,binary-precedence,12
perl,binary-operator,&
perl,binary-precedence,11
perl,binary-operator,|
perl,binary-precedence,10
perl,binary-operator,^
perl,binary-precedence,10
perl,binary-operator,&&
perl,binary-precedence,9
perl,binary-operator,||
perl,binary-precedence,8
perl,binary-operator,..
perl,binary-precedence,7
perl,binary-operator,...
perl,binary-precedence,7
perl,binary-operator,?:
perl,binary-precedence,6
perl,binary-operator,=
perl,binary-precedence,5
perl,binary-operator,+=
perl,binary-precedence,5
perl,binary-operator,-=
perl,binary-precedence,5
perl,binary-operator,*=
perl,binary-precedence,5
perl,binary-operator,/=
perl,binary-precedence,5
perl,binary-operator,%=
perl,binary-precedence,5
perl,binary-operator,**=
perl,binary-precedence,5
perl,binary-operator,","
perl,binary-precedence,4
perl,binary-operator,=>
perl,binary-precedence,4
perl,binary-operator,and
perl,binary-precedence,2
perl,binary-operator,or
perl,binary-precedence,1
perl,binary-operator,xor
perl,binary-precedence,1
perl,unary-operator,not
perl,unary-precedence,3
perl,unary-operator,+
perl,unary-precedence,18
perl,unary-operator,-
perl,unary-precedence,18
perl,unary-operator,!
perl,unary-precedence,18
perl,unary-operator,++
perl,unary-precedence,20
perl,unary-operator,--
perl,unary-precedence,20
perl,function-definition,arguments-not-checked
perl,function-definition,variadic-arguments
perl,function-definition,default-value
perl,function-definition,pass-by-reference
php,wikipedia,general-purpose
php,wikipedia,scripting
php,keyword,abstract
php,keyword,and
php,keyword,array
php,keyword,as
php,keyword,break
php,keyword,callable
php,keyword,case
php,keyword,catch
php,keyword,class
php,keyword,clone
php,keyword,const
php,keyword,continue
php,keyword,declare
php,keyword,default
php,keyword,die
php,keyword,do
php,keyword,echo
php,keyword,else
php,keyword,elseif
php,keyword,empty
php,keyword,enddeclare
php,keyword,endfor
php,keyword,endforeach
php,keyword,endif
php,keyword,endswitch
php,keyword,endwhile
php,keyword,eval
php,keyword,exit
php,keyword,extends
php,keyword,final
php,keyword,finally
php,keyword,fn
php,keyword,for
php,keyword,foreach
php,keyword,from
php,keyword,function
php,keyword,global
php,keyword,goto
php,keyword,__halt_compiler
php,keyword,if
php,keyword,implements
php,keyword,include
php,keyword,include_once
php,keyword,instanceof
php,keyword,insteadof
php,keyword,interface
php,keyword,isset
php,keyword,list
php,keyword,match
php,keyword,namespace
php,keyword,new
php,keyword,or
php,keyword,print
php,keyword,private
php,keyword,protected
php,keyword,public
php,keyword,readonly
php,keyword,require
php,keyword,require_once
php,keyword,return
php,keyword,static
php,keyword,switch
php,keyword,throw
php,keyword,trait
php,keyword,try
php,keyword,unset
php,keyword,use
php,keyword,var
php,keyword,while
php,keyword,xor
php,keyword,yield
php,ternary-operator,?:
php,ternary-precedence,6
php,binary-operator,**
php,binary-precedence,22
php,binary-operator,instanceof
php,binary-precedence,20
php,binary-operator,*
php,binary-precedence,18
php,binary-operator,/
php,binary-precedence,18
php,binary-operator,%
php,binary-precedence,18
php,binary-operator,+
php,binary-precedence,17
php,binary-operator,-
php,binary-precedence,17
php,binary-operator,<<
php,binary-precedence,16
php,binary-operator,>>
php,binary-precedence,16
php,binary-operator,.
php,binary-precedence,15
php,binary-operator,<
php,binary-precedence,14
php,binary-operator,<=
php,binary-precedence,14
php,binary-operator,>
php,binary-precedence,14
php,binary-operator,>=
php,binary-precedence,14
php,binary-operator,==
php,binary-precedence,13
php,binary-operator,!=
php,binary-precedence,13
php,binary-operator,===
php,binary-precedence,13
php,binary-operator,!==
php,binary-precedence,13
php,binary-operator,<>
php,binary-precedence,13
php,binary-operator,<=>
php,binary-precedence,13
php,binary-operator,&
php,binary-precedence,12
php,binary-operator,^
php,binary-precedence,11
php,binary-operator,|
php,binary-precedence,10
php,binary-operator,&&
php,binary-precedence,9
php,binary-operator,||
php,binary-precedence,8
php,binary-operator,??
php,binary-precedence,7
php,binary-operator,=
php,binary-precedence,5
php,binary-operator,+=
php,binary-precedence,5
php,binary-operator,-=
php,binary-precedence,5
php,binary-operator,*=
php,binary-precedence,5
php,binary-operator,**=
php,binary-precedence,5
php,binary-operator,/=
php,binary-precedence,5
php,binary-operator,.=
php,binary-precedence,5
php,binary-operator,%=
php,binary-precedence,5
php,binary-operator,&=
php,binary-precedence,5
php,binary-operator,|=
php,binary-precedence,5
php,binary-operator,^=
php,binary-precedence,5
php,binary-operator,<<=
php,binary-precedence,5
php,binary-operator,>>=
php,binary-precedence,5
php,binary-operator,??=
php,binary-precedence,5
php,binary-operator,and
php,binary-precedence,3
php,binary-operator,xor
php,binary-precedence,2
php,binary-operator,or
php,binary-precedence,10
php,unary-operator,clone
php,unary-precedence,23
php,unary-operator,new
php,unary-precedence,23
php,unary-operator,+
php,unary-precedence,21
php,unary-operator,-
php,unary-precedence,21
php,unary-operator,++
php,unary-precedence,21
php,unary-operator,--
php,unary-precedence,21
php,unary-operator,~
php,unary-precedence,21
php,unary-operator,@
php,unary-precedence,21
php,unary-operator,!
php,unary-precedence,19
php,unary-operator,yield
php,unary-precedence,4
php,unary-operator,yield
php,unary-precedence,4
php,unary-operator,print
php,unary-precedence,4
php,function-definition,overloaded
php,function-definition,arguments-not-checked
php,function-definition,default-value
php,function-definition,named-parameter
php,function-definition,variadic-arguments
php,function-definition,pass-by-value
php,function-definition,pass-by-reference
pl1,wikipedia,procedural
pl1,wikipedia,imperative
pl1,keyword,abnormal
pl1,keyword,aligned
pl1,keyword,allocate
pl1,keyword,area
pl1,keyword,automatic
pl1,keyword,backwards
pl1,keyword,based
pl1,keyword,begin
pl1,keyword,binary
pl1,keyword,bit
pl1,keyword,buffered
pl1,keyword,builtin
pl1,keyword,by
pl1,keyword,call
pl1,keyword,cell
pl1,keyword,character
pl1,keyword,check
pl1,keyword,close
pl1,keyword,column
pl1,keyword,complex
pl1,keyword,condition
pl1,keyword,controlled
pl1,keyword,conversion
pl1,keyword,copy
pl1,keyword,data
pl1,keyword,decimal
pl1,keyword,declare
pl1,keyword,defined
pl1,keyword,delay
pl1,keyword,delete
pl1,keyword,direct
pl1,keyword,display
pl1,keyword,do
pl1,keyword,edit
pl1,keyword,else
pl1,keyword,end
pl1,keyword,endfile
pl1,keyword,endpage
pl1,keyword,entry
pl1,keyword,environment
pl1,keyword,error
pl1,keyword,event
pl1,keyword,exclusive
pl1,keyword,exit
pl1,keyword,external
pl1,keyword,file
pl1,keyword,finish
pl1,keyword,fixed
pl1,keyword,fixedoverfloh
pl1,keyword,float
pl1,keyword,format
pl1,keyword,free
pl1,keyword,from
pl1,keyword,generic
pl1,keyword,get
pl1,keyword,go
pl1,keyword,goto
pl1,keyword,ident
pl1,keyword,if
pl1,keyword,ignore
pl1,keyword,in
pl1,keyword,initial
pl1,keyword,input
pl1,keyword,internal
pl1,keyword,into
pl1,keyword,irreducible
pl1,keyword,key
pl1,keyword,keyed
pl1,keyword,keyfrom
pl1,keyword,keyto
pl1,keyword,label
pl1,keyword,like
pl1,keyword,line
pl1,keyword,linesize
pl1,keyword,list
pl1,keyword,locate
pl1,keyword,name
pl1,keyword,nocheck
pl1,keyword,noconversion
pl1,keyword,nofixedoverflow
pl1,keyword,nolock
pl1,keyword,nooverflow
pl1,keyword,normal
pl1,keyword,nosize
pl1,keyword,nostringrange
pl1,keyword,nosubscriptrange
pl1,keyword,nounderflow
pl1,keyword,nozerodivide
pl1,keyword,offset
pl1,keyword,on
pl1,keyword,open
pl1,keyword,options
pl1,keyword,output
pl1,keyword,overflow
pl1,keyword,packed
pl1,keyword,page
pl1,keyword,pagesize
pl1,keyword,picture
pl1,keyword,pointer
pl1,keyword,position
pl1,keyword,print
pl1,keyword,priortty
pl1,keyword,procedure
pl1,keyword,put
pl1,keyword,read
pl1,keyword,real
pl1,keyword,record
pl1,keyword,recursive
pl1,keyword,reducible
pl1,keyword,reply
pl1,keyword,return
pl1,keyword,returns
pl1,keyword,revert
pl1,keyword,rewrite
pl1,keyword,secondary
pl1,keyword,sequential
pl1,keyword,set
pl1,keyword,sets
pl1,keyword,signal
pl1,keyword,size
pl1,keyword,skip
pl1,keyword,snap
pl1,keyword,static
pl1,keyword,stop
pl1,keyword,stream
pl1,keyword,string
pl1,keyword,stringrange
pl1,keyword,subscriptrange
pl1,keyword,system
pl1,keyword,task
pl1,keyword,then
pl1,keyword,title
pl1,keyword,to
pl1,keyword,transmit
pl1,keyword,unbuffered
pl1,keyword,undefinedfile
pl1,keyword,underflow
pl1,keyword,unlock
pl1,keyword,update
pl1,keyword,uses
pl1,keyword,varying
pl1,keyword,wait
pl1,keyword,while
pl1,keyword,write
pl1,keyword,x
pl1,keyword,zerodivide
pl1,binary-operator,**
pl1,binary-precedence,7
pl1,binary-operator,*
pl1,binary-precedence,6
pl1,binary-operator,/
pl1,binary-precedence,6
pl1,binary-operator,||
pl1,binary-precedence,5
pl1,binary-operator,+
pl1,binary-precedence,4
pl1,binary-operator,-
pl1,binary-precedence,4
pl1,binary-operator,>
pl1,binary-precedence,3
pl1,binary-operator,>=
pl1,binary-precedence,3
pl1,binary-operator,=
pl1,binary-precedence,3
pl1,binary-operator,<
pl1,binary-precedence,3
pl1,binary-operator,<=
pl1,binary-precedence,3
pl1,binary-operator,!>
pl1,binary-precedence,3
pl1,binary-operator,!=
pl1,binary-precedence,3
pl1,binary-operator,!<
pl1,binary-precedence,3
pl1,binary-operator,&
pl1,binary-precedence,2
pl1,binary-operator,|
pl1,binary-precedence,1
pl1,unary-operator,+
pl1,unary-precedence,8
pl1,unary-operator,-
pl1,unary-precedence,8
pl1,unary-operator,!
pl1,unary-precedence,8
pl1,function-definition,arguments-not-checked
pl1,function-definition,pass-by-value
pl1,function-definition,pass-by-reference
python,wikipedia,high-level
python,wikipedia,general-purpose
python,keyword,and
python,keyword,as
python,keyword,assert
python,keyword,break
python,keyword,class
python,keyword,continue
python,keyword,def
python,keyword,del
python,keyword,elif
python,keyword,else
python,keyword,except
python,keyword,False
python,keyword,finally
python,keyword,for
python,keyword,from
python,keyword,global
python,keyword,if
python,keyword,import
python,keyword,in
python,keyword,is
python,keyword,lambda
python,keyword,None
python,keyword,nonlocal
python,keyword,not
python,keyword,or
python,keyword,pass
python,keyword,raise
python,keyword,return
python,keyword,True
python,keyword,try
python,keyword,while
python,keyword,with
python,keyword,yield
python,binary-operator,()
python,binary-precedence,17
python,binary-operator,[]
python,binary-precedence,16
python,binary-operator,.
python,binary-precedence,15
python,binary-operator,**
python,binary-precedence,14
python,binary-operator,*
python,binary-precedence,11
python,binary-operator,/
python,binary-precedence,11
python,binary-operator,%
python,binary-precedence,11
python,binary-operator,+
python,binary-precedence,10
python,binary-operator,-
python,binary-precedence,10
python,binary-operator,<<
python,binary-precedence,9
python,binary-operator,>>
python,binary-precedence,9
python,binary-operator,&
python,binary-precedence,8
python,binary-operator,^
python,binary-precedence,7
python,binary-operator,|
python,binary-precedence,6
python,binary-operator,in
python,binary-precedence,5
python,binary-operator,not
python,binary-precedence,5
python,binary-operator,is
python,binary-precedence,5
python,binary-operator,<
python,binary-precedence,5
python,binary-operator,<=
python,binary-precedence,5
python,binary-operator,>
python,binary-precedence,5
python,binary-operator,>=
python,binary-precedence,5
python,binary-operator,<>
python,binary-precedence,5
python,binary-operator,!=
python,binary-precedence,5
python,binary-operator,==
python,binary-precedence,5
python,binary-operator,and
python,binary-precedence,3
python,binary-operator,or
python,binary-precedence,2
python,binary-operator,lambda
python,binary-precedence,1
python,unary-operator,~
python,unary-precedence,13
python,unary-operator,+
python,unary-precedence,12
python,unary-operator,-
python,unary-precedence,12
python,unary-operator,not
python,unary-precedence,4
python,function-definition,arguments-number-checked
python,function-definition,named-parameter
python,function-definition,default-value
python,function-definition,pass-by-assignment
ruby,wikipedia,interpreted
ruby,wikipedia,high-level
ruby,wikipedia,general-purpose
ruby,keyword,__ENCODING__
ruby,keyword,__LINE__
ruby,keyword,__FILE__
ruby,keyword,BEGIN
ruby,keyword,END
ruby,keyword,alias
ruby,keyword,and
ruby,keyword,begin
ruby,keyword,break
ruby,keyword,case
ruby,keyword,class
ruby,keyword,def
ruby,keyword,defined?
ruby,keyword,do
ruby,keyword,else
ruby,keyword,elsif
ruby,keyword,end
ruby,keyword,ensure
ruby,keyword,false
ruby,keyword,for
ruby,keyword,if
ruby,keyword,in
ruby,keyword,module
ruby,keyword,next
ruby,keyword,nil
ruby,keyword,not
ruby,keyword,or
ruby,keyword,redo
ruby,keyword,rescue
ruby,keyword,retry
ruby,keyword,return
ruby,keyword,self
ruby,keyword,super
ruby,keyword,then
ruby,keyword,true
ruby,keyword,undef
ruby,keyword,unless
ruby,keyword,until
ruby,keyword,when
ruby,keyword,while
ruby,keyword,yield
ruby,ternary-operator,?:
ruby,ternary-precedence,6
ruby,binary-operator,**
ruby,binary-precedence,19
ruby,binary-operator,*
ruby,binary-precedence,16
ruby,binary-operator,/
ruby,binary-precedence,16
ruby,binary-operator,%
ruby,binary-precedence,16
ruby,binary-operator,+
ruby,binary-precedence,15
ruby,binary-operator,-
ruby,binary-precedence,15
ruby,binary-operator,<<
ruby,binary-precedence,14
ruby,binary-operator,>>
ruby,binary-precedence,14
ruby,binary-operator,&
ruby,binary-precedence,13
ruby,binary-operator,|
ruby,binary-precedence,12
ruby,binary-operator,^
ruby,binary-precedence,12
ruby,binary-operator,<
ruby,binary-precedence,11
ruby,binary-operator,<=
ruby,binary-precedence,11
ruby,binary-operator,>=
ruby,binary-precedence,11
ruby,binary-operator,>
ruby,binary-precedence,11
ruby,binary-operator,==
ruby,binary-precedence,10
ruby,binary-operator,===
ruby,binary-precedence,10
ruby,binary-operator,!=
ruby,binary-precedence,10
ruby,binary-operator,=~
ruby,binary-precedence,10
ruby,binary-operator,!~
ruby,binary-precedence,10
ruby,binary-operator,<=>
ruby,binary-precedence,10
ruby,binary-operator,&&
ruby,binary-precedence,9
ruby,binary-operator,||
ruby,binary-precedence,8
ruby,binary-operator,..
ruby,binary-precedence,7
ruby,binary-operator,...
ruby,binary-precedence,7
ruby,binary-operator,rescue
ruby,binary-precedence,5
ruby,binary-operator,=
ruby,binary-precedence,4
ruby,binary-operator,**=
ruby,binary-precedence,4
ruby,binary-operator,*=
ruby,binary-precedence,4
ruby,binary-operator,/=
ruby,binary-precedence,4
ruby,binary-operator,%=
ruby,binary-precedence,4
ruby,binary-operator,+=
ruby,binary-precedence,4
ruby,binary-operator,-=
ruby,binary-precedence,4
ruby,binary-operator,<<=
ruby,binary-precedence,4
ruby,binary-operator,>>=
ruby,binary-precedence,4
ruby,binary-operator,&&=
ruby,binary-precedence,4
ruby,binary-operator,&=
ruby,binary-precedence,4
ruby,binary-operator,^=
ruby,binary-precedence,4
ruby,binary-operator,and
ruby,binary-precedence,10
ruby,binary-operator,or
ruby,binary-precedence,10
ruby,unary-operator,!
ruby,unary-precedence,20
ruby,unary-operator,~
ruby,unary-precedence,20
ruby,unary-operator,+
ruby,unary-precedence,20
ruby,unary-operator,-
ruby,unary-precedence,18
ruby,unary-operator,defined?
ruby,unary-precedence,3
ruby,unary-operator,not
ruby,unary-precedence,2
ruby,function-definition,arguments-number-checked
ruby,function-definition,named-parameter
ruby,function-definition,default-value
ruby,function-definition,pass-by-value
sml,wikipedia,general-purpose
sml,wikipedia,modular
sml,wikipedia,functional
sml,keyword,abstype
sml,keyword,and
sml,keyword,andalso
sml,keyword,as
sml,keyword,case
sml,keyword,do
sml,keyword,datatype
sml,keyword,else
sml,keyword,end
sml,keyword,eqtype
sml,keyword,exception
sml,keyword,fn
sml,keyword,fun
sml,keyword,functor
sml,keyword,handle
sml,keyword,if
sml,keyword,in
sml,keyword,include
sml,keyword,infix
sml,keyword,infixr
sml,keyword,let
sml,keyword,local
sml,keyword,nonfix
sml,keyword,of
sml,keyword,op
sml,keyword,open
sml,keyword,orelse
sml,keyword,raise
sml,keyword,rec
sml,keyword,sharing
sml,keyword,sig
sml,keyword,signature
sml,keyword,struct
sml,keyword,structure
sml,keyword,then
sml,keyword,type
sml,keyword,val
sml,keyword,where
sml,keyword,with
sml,keyword,withtype
sml,keyword,while
sml,binary-operator,*
sml,binary-precedence,6
sml,binary-operator,/
sml,binary-precedence,6
sml,binary-operator,div
sml,binary-precedence,6
sml,binary-operator,mod
sml,binary-precedence,6
sml,binary-operator,+
sml,binary-precedence,5
sml,binary-operator,-
sml,binary-precedence,5
sml,binary-operator,^
sml,binary-precedence,5
sml,binary-operator,::
sml,binary-precedence,4
sml,binary-operator,@
sml,binary-precedence,4
sml,binary-operator,=
sml,binary-precedence,3
sml,binary-operator,<>
sml,binary-precedence,3
sml,binary-operator,>
sml,binary-precedence,3
sml,binary-operator,>=
sml,binary-precedence,3
sml,binary-operator,<
sml,binary-precedence,3
sml,binary-operator,<=
sml,binary-precedence,3
sml,binary-operator,:=
sml,binary-precedence,2
sml,binary-operator,o
sml,binary-precedence,2
sml,binary-operator,before
sml,binary-precedence,1
sml,function-definition,overloaded
sml,function-definition,arguments-number-checked
sml,function-definition,pass-by-value
